School,Defense Rank,SRS,Point Differential,Prob
"192          Abilene Christian
149                  Air Force
104                      Akron
1                     Alabama 
309                Alabama A&M
349                Alabama St.
345                     Albany
245                 Alcorn St.
274                   American
179            Appalachian St.
9                     Arizona 
54                Arizona St. 
17                   Arkansas 
321        Arkansas Pine Bluff
286               Arkansas St.
248                       Army
27                     Auburn 
322                Austin Peay
75                         BYU
169                   Ball St.
15                     Baylor 
260                 Bellarmine
124                    Belmont
348            Bethune Cookman
311                 Binghamton
36                  Boise St. 
172             Boston College
266          Boston University
285              Bowling Green
89                     Bradley
173                      Brown
206                     Bryant
304                   Bucknell
209                    Buffalo
121                     Butler
154                Cal Baptist
292                   Cal Poly
294        Cal St. Bakersfield
123          Cal St. Fullerton
328         Cal St. Northridge
267                 California
225                   Campbell
250                   Canisius
332           Central Arkansas
339        Central Connecticut
333           Central Michigan
70                 Charleston 
301        Charleston Southern
110                  Charlotte
183                Chattanooga
293                Chicago St.
47                  Cincinnati
69                     Clemson
194              Cleveland St.
295           Coastal Carolina
114                   Colgate 
67                    Colorado
108               Colorado St.
340                   Columbia
3                 Connecticut 
337                 Coppin St.
139                    Cornell
11                  Creighton 
259                  Dartmouth
138                   Davidson
78                      Dayton
136                     DePaul
234                   Delaware
356               Delaware St.
297                     Denver
198              Detroit Mercy
68                      Drake 
197                     Drexel
16                       Duke 
129                   Duquesne
176              East Carolina
242         East Tennessee St.
346           Eastern Illinois
147           Eastern Kentucky
316           Eastern Michigan
120         Eastern Washington
336                       Elon
351                 Evansville
212                        FIU
261                  Fairfield
264       Fairleigh Dickinson 
72                     Florida
358                Florida A&M
21           Florida Atlantic 
185         Florida Gulf Coast
208                Florida St.
135                    Fordham
142                 Fresno St.
91                     Furman 
203               Gardner Webb
144               George Mason
216          George Washington
222                 Georgetown
150                    Georgia
207           Georgia Southern
279                Georgia St.
163               Georgia Tech
6                     Gonzaga 
181              Grambling St.
107              Grand Canyon 
360                  Green Bay
350                    Hampton
361                   Hartford
157                    Harvard
128                     Hawaii
299                 High Point
88                     Hofstra
341                 Holy Cross
0                     Houston 
352          Houston Christian
217                    Howard 
359                      IUPUI
298                      Idaho
243                  Idaho St.
33                   Illinois 
300           Illinois Chicago
288               Illinois St.
338             Incarnate Word
29                    Indiana 
101                Indiana St.
77                       Iona 
39                       Iowa 
30                   Iowa St. 
302                Jackson St.
233               Jacksonville
232           Jacksonville St.
97               James Madison
8                      Kansas 
20                 Kansas St. 
122              Kennesaw St. 
76                   Kent St. 
25                   Kentucky 
362                        LIU
145                        LSU
224                   La Salle
263                  Lafayette
357                      Lamar
283                     Lehigh
46                     Liberty
342                 Lindenwood
152                   Lipscomb
320                Little Rock
165             Long Beach St.
167                   Longwood
87                  Louisiana 
280           Louisiana Monroe
166             Louisiana Tech
290                 Louisville
253             Loyola Chicago
324                  Loyola MD
106           Loyola Marymount
276                      Maine
306                  Manhattan
275                     Marist
10                  Marquette 
82                    Marshall
22                   Maryland 
249     Maryland Eastern Shore
211              Massachusetts
334                McNeese St.
19                    Memphis 
230                     Mercer
308                  Merrimack
31                   Miami FL 
269                   Miami OH
41                    Michigan
23               Michigan St. 
119           Middle Tennessee
227                  Milwaukee
215                  Minnesota
117                Mississippi
50            Mississippi St. 
355     Mississippi Valley St.
53                   Missouri 
156               Missouri St.
347                   Monmouth
161                    Montana
112               Montana St. 
236               Morehead St.
314                 Morgan St.
278           Mount St. Mary's
229                 Murray St.
55                 N.C. State 
329                       NJIT
178                       Navy
93                    Nebraska
317             Nebraska Omaha
59                     Nevada 
284              New Hampshire
65                  New Mexico
187             New Mexico St.
331                New Orleans
258                    Niagara
262               Nicholls St.
193                Norfolk St.
255              North Alabama
43              North Carolina
318         North Carolina A&T
186     North Carolina Central
268               North Dakota
219           North Dakota St.
228              North Florida
32                 North Texas
310               Northeastern
210           Northern Arizona
220          Northern Colorado
247          Northern Illinois
221              Northern Iowa
159         Northern Kentucky 
37               Northwestern 
214           Northwestern St.
164                 Notre Dame
271                    Oakland
132                       Ohio
49                    Ohio St.
51                    Oklahoma
45                Oklahoma St.
177               Old Dominion
71               Oral Roberts 
40                      Oregon
213                 Oregon St.
188                    Pacific
125                       Penn
35                   Penn St. 
184                 Pepperdine
61                 Pittsburgh 
155                   Portland
238               Portland St.
270           Prairie View A&M
343               Presbyterian
90                  Princeton 
44                 Providence 
7                      Purdue 
239          Purdue Fort Wayne
202                     Queens
191                 Quinnipiac
168                    Radford
254               Rhode Island
199                       Rice
151                   Richmond
204                      Rider
237              Robert Morris
38                     Rutgers
241           SIU Edwardsville
180                        SMU
226             Sacramento St.
325               Sacred Heart
190             Saint Joseph's
95                 Saint Louis
12               Saint Mary's 
307              Saint Peter's
73             Sam Houston St.
134                    Samford
223                  San Diego
13              San Diego St. 
99               San Francisco
96                San Jose St.
84                 Santa Clara
140                    Seattle
62                  Seton Hall
205                      Siena
92               South Alabama
218             South Carolina
344         South Carolina St.
296               South Dakota
171           South Dakota St.
143              South Florida
256    Southeast Missouri St. 
257     Southeastern Louisiana
277                   Southern
137          Southern Illinois
282           Southern Indiana
100              Southern Miss
111              Southern Utah
200            St. Bonaventure
354             St. Francis NY
335             St. Francis PA
81                  St. John's
201                 St. Thomas
83                    Stanford
131          Stephen F. Austin
170                    Stetson
330                  Stonehill
327                Stony Brook
118                   Syracuse
24                        TCU 
162               Tarleton St.
116                     Temple
5                   Tennessee 
272           Tennessee Martin
289              Tennessee St.
287             Tennessee Tech
4                       Texas 
28                  Texas A&M 
305         Texas A&M Commerce
175    Texas A&M Corpus Chris 
303            Texas Southern 
189                  Texas St.
60                  Texas Tech
326                The Citadel
85                      Toledo
126                     Towson
127                       Troy
102                     Tulane
315                      Tulsa
48                         UAB
158                   UC Davis
103                  UC Irvine
141               UC Riverside
273               UC San Diego
109          UC Santa Barbara 
52                         UCF
2                        UCLA 
251                       UMBC
313                       UMKC
133               UMass Lowell
148             UNC Asheville 
115             UNC Greensboro
153             UNC Wilmington
94                        UNLV
42                        USC 
252                USC Upstate
240               UT Arlington
246       UT Rio Grande Valley
182                       UTEP
281                       UTSA
74                        Utah
26                   Utah St. 
146                  Utah Tech
64                 Utah Valley
57                        VCU 
353                        VMI
291                 Valparaiso
79                  Vanderbilt
113                   Vermont 
56                   Villanova
34                   Virginia 
80               Virginia Tech
312                     Wagner
86                 Wake Forest
105                 Washington
66              Washington St.
195                  Weber St.
18              West Virginia 
235           Western Carolina
265           Western Illinois
174           Western Kentucky
323           Western Michigan
98                 Wichita St.
319             William & Mary
244                   Winthrop
58                   Wisconsin
231                    Wofford
196                 Wright St.
160                    Wyoming
14                     Xavier 
63                        Yale
130             Youngstown St.
Name: School, dtype: object","192    193
149    150
104    105
1        2
309    310
349    350
345    346
245    246
274    275
179    180
9       10
54      55
17      18
321    322
286    287
248    249
27      28
322    323
75      76
169    170
15      16
260    261
124    125
348    349
311    312
36      37
172    173
266    267
285    286
89      90
173    174
206    207
304    305
209    210
121    122
154    155
292    293
294    295
123    124
328    329
267    268
225    226
250    251
332    333
339    340
333    334
70      71
301    302
110    111
183    184
293    294
47      48
69      70
194    195
295    296
114    115
67      68
108    109
340    341
3        4
337    338
139    140
11      12
259    260
138    139
78      79
136    137
234    235
356    357
297    298
198    199
68      69
197    198
16      17
129    130
176    177
242    243
346    347
147    148
316    317
120    121
336    337
351    352
212    213
261    262
264    265
72      73
358    359
21      22
185    186
208    209
135    136
142    143
91      92
203    204
144    145
216    217
222    223
150    151
207    208
279    280
163    164
6        7
181    182
107    108
360    361
350    351
361    362
157    158
128    129
299    300
88      89
341    342
0        1
352    353
217    218
359    360
298    299
243    244
33      34
300    301
288    289
338    339
29      30
101    102
77      78
39      40
30      31
302    303
233    234
232    233
97      98
8        9
20      21
122    123
76      77
25      26
362    363
145    146
224    225
263    264
357    358
283    284
46      47
342    343
152    153
320    321
165    166
167    168
87      88
280    281
166    167
290    291
253    254
324    325
106    107
276    277
306    307
275    276
10      11
82      83
22      23
249    250
211    212
334    335
19      20
230    231
308    309
31      32
269    270
41      42
23      24
119    120
227    228
215    216
117    118
50      51
355    356
53      54
156    157
347    348
161    162
112    113
236    237
314    315
278    279
229    230
55      56
329    330
178    179
93      94
317    318
59      60
284    285
65      66
187    188
331    332
258    259
262    263
193    194
255    256
43      44
318    319
186    187
268    269
219    220
228    229
32      33
310    311
210    211
220    221
247    248
221    222
159    160
37      38
214    215
164    165
271    272
132    133
49      50
51      52
45      46
177    178
71      72
40      41
213    214
188    189
125    126
35      36
184    185
61      62
155    156
238    239
270    271
343    344
90      91
44      45
7        8
239    240
202    203
191    192
168    169
254    255
199    200
151    152
204    205
237    238
38      39
241    242
180    181
226    227
325    326
190    191
95      96
12      13
307    308
73      74
134    135
223    224
13      14
99     100
96      97
84      85
140    141
62      63
205    206
92      93
218    219
344    345
296    297
171    172
143    144
256    257
257    258
277    278
137    138
282    283
100    101
111    112
200    201
354    355
335    336
81      82
201    202
83      84
131    132
170    171
330    331
327    328
118    119
24      25
162    163
116    117
5        6
272    273
289    290
287    288
4        5
28      29
305    306
175    176
303    304
189    190
60      61
326    327
85      86
126    127
127    128
102    103
315    316
48      49
158    159
103    104
141    142
273    274
109    110
52      53
2        3
251    252
313    314
133    134
148    149
115    116
153    154
94      95
42      43
252    253
240    241
246    247
182    183
281    282
74      75
26      27
146    147
64      65
57      58
353    354
291    292
79      80
113    114
56      57
34      35
80      81
312    313
86      87
105    106
66      67
195    196
18      19
235    236
265    266
174    175
323    324
98      99
319    320
244    245
58      59
231    232
196    197
160    161
14      15
63      64
130    131
Name: Defense Rank, dtype: int64","0      -2.78
1       2.06
2       4.27
3      23.20
4     -10.76
5     -16.31
6     -14.35
7      -8.75
8      -8.25
9      -1.48
10     19.11
11     11.31
12     15.99
13     -8.06
14    -12.99
15     -7.12
16     14.36
17    -12.15
18     -1.12
19     17.30
20     -7.39
21      1.90
22    -16.82
23    -10.43
24     12.83
25      1.12
26     -8.10
27     -8.38
28      6.54
29      9.45
30     -2.46
31     -3.59
32     -9.92
33     -2.90
34      5.80
35     -7.48
36     -8.32
37      1.77
38    -10.38
39     -3.34
40      0.23
41     -5.21
42     -7.02
43    -13.70
44    -13.67
45     11.11
46    -11.89
47     -9.41
48      3.84
49     -2.32
50    -11.25
51     11.79
52     10.56
53     -2.57
54     -8.91
55      2.21
56      8.42
57     11.18
58      5.71
59    -14.36
60     22.54
61    -14.75
62      0.64
63     17.79
64     -7.97
65      2.00
66      8.73
67     -5.55
68    -17.70
69     -9.53
70      2.85
71     -3.18
72      7.87
73     -2.26
74     15.87
75      3.50
76     -0.27
77     -5.98
78    -14.06
79     -1.45
80    -10.98
81      1.49
82    -12.83
83    -15.11
84     -6.97
85     -8.97
86     10.90
87    -17.78
88     13.83
89     -2.61
90     -2.78
91     -0.35
92      2.27
93      2.65
94      4.91
95     -3.83
96      1.76
97     -1.92
98     -1.12
99      1.81
100    -3.23
101    -6.77
102     2.11
103    18.99
104    -4.01
105     4.43
106   -20.28
107   -15.24
108   -23.11
109    -0.70
110     2.38
111    -9.86
112     4.97
113   -14.26
114    22.22
115   -17.17
116    -5.03
117    -8.67
118    -6.53
119    14.85
120    -7.35
121    -8.81
122   -15.04
123    14.99
124     4.89
125     7.61
126    14.12
127    15.35
128   -18.98
129   -11.35
130    -6.18
131    -6.65
132     4.98
133    19.21
134    -9.74
135    15.79
136     0.63
137     7.61
138    14.77
139    -2.78
140    -7.81
141   -17.39
142    -9.06
143     8.38
144   -14.78
145    -1.93
146   -12.60
147    -0.57
148   -24.47
149    -1.73
150     4.28
151     3.34
152     0.02
153    -8.62
154    -5.36
155    -4.64
156   -12.04
157     5.00
158    -8.86
159    -9.86
160    -8.43
161    17.02
162     7.17
163    14.61
164    -6.21
165    -7.62
166    -1.34
167     0.64
168   -13.62
169    14.51
170    -5.09
171   -11.18
172    14.11
173    -7.37
174    12.48
175    14.28
176     2.88
177    -4.67
178    -0.27
179     5.73
180    11.44
181   -18.27
182    11.42
183     0.38
184   -15.63
185    -1.14
186     2.20
187    -7.09
188   -11.57
189    -8.17
190    -4.43
191    -2.77
192    12.52
193     7.14
194    10.07
195     7.26
196    -9.04
197    10.87
198    -1.54
199   -14.21
200    -6.77
201    -8.52
202   -12.56
203    -3.71
204    -8.63
205    12.97
206   -11.39
207    -2.90
208    -7.58
209    -4.54
210    -6.71
211    10.37
212   -10.32
213    -3.86
214    -4.63
215    -6.48
216    -2.64
217    -0.79
218    13.70
219    -4.70
220     2.12
221    -8.01
222     1.15
223    13.03
224    11.38
225    12.60
226    -0.39
227   -10.79
228     8.57
229    13.83
230     0.10
231    -0.54
232    13.08
233     0.86
234    -0.11
235    10.62
236     1.70
237    -5.15
238    -9.22
239   -13.54
240     4.77
241    12.83
242    18.26
243    -5.43
244    -4.13
245    -2.42
246    -1.84
247    -4.15
248    -2.03
249     1.46
250    -3.48
251    -5.80
252    14.61
253    -4.60
254   -12.77
255   -13.40
256    -0.32
257     6.05
258    17.42
259    -9.89
260     7.15
261     0.51
262    -2.04
263    16.15
264     6.02
265     5.22
266     8.56
267     0.92
268    10.95
269    -3.43
270     3.58
271    -2.28
272   -16.72
273    -7.42
274    -9.85
275    -1.79
276     1.96
277    -7.38
278    -7.98
279    -8.56
280    13.08
281     1.17
282    -6.43
283    -8.84
284    -0.10
285     3.32
286     3.54
287    -1.30
288   -16.48
289     8.59
290    -3.08
291     9.67
292     0.73
293    -2.81
294   -12.86
295   -12.44
296     5.41
297    -0.75
298    15.61
299     4.69
300    20.84
301    -8.99
302    -9.39
303    -8.66
304    20.56
305    13.76
306   -11.07
307    -2.56
308   -10.56
309    -2.31
310    12.58
311    -6.47
312   -12.11
313     6.18
314     0.25
315     1.41
316     5.48
317    -8.46
318    10.77
319    -0.29
320     4.19
321     0.74
322    -6.91
323     3.33
324    22.13
325    -1.72
326     1.68
327    -1.18
328    -4.99
329    11.35
330    14.29
331    -0.14
332     8.34
333    -0.82
334    -7.81
335    -8.68
336     8.99
337     1.65
338    10.56
339    13.31
340     9.91
341   -16.12
342     9.39
343   -11.81
344     8.27
345     6.80
346    10.54
347    -2.92
348    15.95
349    -6.32
350    -7.57
351    -0.88
352   -10.48
353     5.79
354   -10.97
355    -6.61
356    11.08
357    -5.00
358    -2.31
359     2.08
360    15.98
361     7.82
362     1.70
Name: SRS, dtype: float64","0      116.0
1       -4.0
2      254.0
3      501.0
4      -43.0
5     -289.0
6     -246.0
7      -94.0
8      -17.0
9      181.0
10     376.0
11     112.0
12     220.0
13     -63.0
14     -88.0
15      90.0
16     172.0
17    -174.0
18     153.0
19     230.0
20     -29.0
21     148.0
22    -227.0
23     -84.0
24     253.0
25    -120.0
26      -4.0
27     -79.0
28     278.0
29     192.0
30       6.0
31     188.0
32     -31.0
33      -4.0
34     -86.0
35    -168.0
36    -139.0
37     135.0
38    -166.0
39    -377.0
40     135.0
41      45.0
42     -58.0
43    -266.0
44    -134.0
45     204.0
46    -225.0
47     -54.0
48     157.0
49     179.0
50     -84.0
51     281.0
52     232.0
53     107.0
54     -21.0
55     307.0
56     451.0
57      97.0
58      36.0
59    -231.0
60     533.0
61    -357.0
62     158.0
63     297.0
64     -29.0
65      39.0
66     259.0
67     -35.0
68    -326.0
69     -77.0
70    -202.0
71      41.0
72     381.0
73     138.0
74     302.0
75     120.0
76     -56.0
77       3.0
78    -101.0
79     189.0
80    -266.0
81     178.0
82    -197.0
83    -435.0
84     -33.0
85     119.0
86      87.0
87    -330.0
88     489.0
89      58.0
90     -65.0
91    -220.0
92     145.0
93     -62.0
94     348.0
95     160.0
96      48.0
97     -14.0
98    -275.0
99     -96.0
100     56.0
101    -82.0
102    -34.0
103    472.0
104    222.0
105    285.0
106   -549.0
107   -298.0
108   -234.0
109     56.0
110    169.0
111    -80.0
112    295.0
113   -188.0
114    644.0
115   -176.0
116     92.0
117      3.0
118    -59.0
119    236.0
120   -128.0
121   -143.0
122    -96.0
123    212.0
124    348.0
125    363.0
126    178.0
127    164.0
128   -367.0
129   -197.0
130     21.0
131    -12.0
132    412.0
133    265.0
134   -139.0
135    227.0
136    211.0
137    360.0
138    227.0
139    -94.0
140   -112.0
141   -207.0
142     12.0
143    495.0
144   -136.0
145    178.0
146   -124.0
147     69.0
148   -384.0
149    222.0
150    268.0
151   -103.0
152     63.0
153    -78.0
154   -379.0
155   -158.0
156   -109.0
157     70.0
158    -37.0
159    -96.0
160    -91.0
161    326.0
162    335.0
163    218.0
164     50.0
165    108.0
166    -51.0
167    410.0
168   -213.0
169    266.0
170     57.0
171      9.0
172    277.0
173    -28.0
174    127.0
175    102.0
176     77.0
177    137.0
178   -253.0
179    -52.0
180    161.0
181   -439.0
182    158.0
183     77.0
184   -430.0
185     33.0
186    246.0
187    108.0
188     81.0
189   -111.0
190    -51.0
191    139.0
192    235.0
193    -61.0
194    159.0
195    135.0
196    -19.0
197    224.0
198     49.0
199   -196.0
200    -28.0
201     91.0
202   -174.0
203    237.0
204     -6.0
205    174.0
206    -98.0
207    291.0
208    -58.0
209    -10.0
210    -42.0
211    322.0
212   -191.0
213    -34.0
214   -125.0
215    -97.0
216      6.0
217    148.0
218    169.0
219     85.0
220    -80.0
221    -95.0
222    189.0
223    124.0
224      4.0
225     88.0
226     21.0
227   -246.0
228    457.0
229    156.0
230   -185.0
231    -63.0
232    149.0
233     89.0
234   -103.0
235    194.0
236    -28.0
237     23.0
238    -30.0
239   -202.0
240    224.0
241    209.0
242    347.0
243    130.0
244    101.0
245    104.0
246    164.0
247   -144.0
248     13.0
249     36.0
250     78.0
251     82.0
252    247.0
253    -55.0
254    -19.0
255    -23.0
256     -1.0
257    145.0
258    368.0
259    -97.0
260    439.0
261    229.0
262   -104.0
263    316.0
264     95.0
265     44.0
266    125.0
267     94.0
268    107.0
269     44.0
270    201.0
271   -265.0
272   -325.0
273    -27.0
274   -133.0
275     37.0
276      0.0
277     55.0
278     51.0
279     20.0
280    167.0
281    142.0
282    110.0
283     53.0
284   -170.0
285    254.0
286    305.0
287    -29.0
288    -88.0
289     71.0
290    131.0
291     65.0
292    189.0
293     94.0
294    -81.0
295   -196.0
296     39.0
297    138.0
298    239.0
299    -20.0
300    463.0
301     98.0
302     11.0
303    169.0
304    385.0
305    222.0
306    -56.0
307    242.0
308    -96.0
309    -25.0
310    139.0
311     16.0
312   -216.0
313    306.0
314    166.0
315    210.0
316     86.0
317   -364.0
318    406.0
319    118.0
320    265.0
321    111.0
322   -132.0
323    205.0
324    498.0
325    186.0
326    242.0
327    156.0
328    -65.0
329    154.0
330    290.0
331     75.0
332    322.0
333      0.0
334   -233.0
335   -149.0
336     16.0
337    195.0
338     65.0
339    241.0
340    278.0
341   -237.0
342    138.0
343     39.0
344     93.0
345    -37.0
346     89.0
347    -10.0
348    172.0
349    108.0
350     20.0
351     25.0
352   -129.0
353     81.0
354   -101.0
355    -22.0
356     61.0
357     74.0
358    205.0
359    -90.0
360    254.0
361    376.0
362    320.0
Name: Point Differential, dtype: float64","192   -332.6
149   -246.6
104   -156.6
1       49.4
309   -566.6
349   -646.6
345   -638.6
245   -438.6
274   -496.6
179   -306.6
9       33.4
54     -56.6
17      17.4
321   -590.6
286   -520.6
248   -444.6
27      -2.6
322   -592.6
75     -98.6
169   -286.6
15      21.4
260   -468.6
124   -196.6
348   -644.6
311   -570.6
36     -20.6
172   -292.6
266   -480.6
285   -518.6
89    -126.6
173   -294.6
206   -360.6
304   -556.6
209   -366.6
121   -190.6
154   -256.6
292   -532.6
294   -536.6
123   -194.6
328   -604.6
267   -482.6
225   -398.6
250   -448.6
332   -612.6
339   -626.6
333   -614.6
70     -88.6
301   -550.6
110   -168.6
183   -314.6
293   -534.6
47     -42.6
69     -86.6
194   -336.6
295   -538.6
114   -176.6
67     -82.6
108   -164.6
340   -628.6
3       45.4
337   -622.6
139   -226.6
11      29.4
259   -466.6
138   -224.6
78    -104.6
136   -220.6
234   -416.6
356   -660.6
297   -542.6
198   -344.6
68     -84.6
197   -342.6
16      19.4
129   -206.6
176   -300.6
242   -432.6
346   -640.6
147   -242.6
316   -580.6
120   -188.6
336   -620.6
351   -650.6
212   -372.6
261   -470.6
264   -476.6
72     -92.6
358   -664.6
21       9.4
185   -318.6
208   -364.6
135   -218.6
142   -232.6
91    -130.6
203   -354.6
144   -236.6
216   -380.6
222   -392.6
150   -248.6
207   -362.6
279   -506.6
163   -274.6
6       39.4
181   -310.6
107   -162.6
360   -668.6
350   -648.6
361   -670.6
157   -262.6
128   -204.6
299   -546.6
88    -124.6
341   -630.6
0       51.4
352   -652.6
217   -382.6
359   -666.6
298   -544.6
243   -434.6
33     -14.6
300   -548.6
288   -524.6
338   -624.6
29      -6.6
101   -150.6
77    -102.6
39     -26.6
30      -8.6
302   -552.6
233   -414.6
232   -412.6
97    -142.6
8       35.4
20      11.4
122   -192.6
76    -100.6
25       1.4
362   -672.6
145   -238.6
224   -396.6
263   -474.6
357   -662.6
283   -514.6
46     -40.6
342   -632.6
152   -252.6
320   -588.6
165   -278.6
167   -282.6
87    -122.6
280   -508.6
166   -280.6
290   -528.6
253   -454.6
324   -596.6
106   -160.6
276   -500.6
306   -560.6
275   -498.6
10      31.4
82    -112.6
22       7.4
249   -446.6
211   -370.6
334   -616.6
19      13.4
230   -408.6
308   -564.6
31     -10.6
269   -486.6
41     -30.6
23       5.4
119   -186.6
227   -402.6
215   -378.6
117   -182.6
50     -48.6
355   -658.6
53     -54.6
156   -260.6
347   -642.6
161   -270.6
112   -172.6
236   -420.6
314   -576.6
278   -504.6
229   -406.6
55     -58.6
329   -606.6
178   -304.6
93    -134.6
317   -582.6
59     -66.6
284   -516.6
65     -78.6
187   -322.6
331   -610.6
258   -464.6
262   -472.6
193   -334.6
255   -458.6
43     -34.6
318   -584.6
186   -320.6
268   -484.6
219   -386.6
228   -404.6
32     -12.6
310   -568.6
210   -368.6
220   -388.6
247   -442.6
221   -390.6
159   -266.6
37     -22.6
214   -376.6
164   -276.6
271   -490.6
132   -212.6
49     -46.6
51     -50.6
45     -38.6
177   -302.6
71     -90.6
40     -28.6
213   -374.6
188   -324.6
125   -198.6
35     -18.6
184   -316.6
61     -70.6
155   -258.6
238   -424.6
270   -488.6
343   -634.6
90    -128.6
44     -36.6
7       37.4
239   -426.6
202   -352.6
191   -330.6
168   -284.6
254   -456.6
199   -346.6
151   -250.6
204   -356.6
237   -422.6
38     -24.6
241   -430.6
180   -308.6
226   -400.6
325   -598.6
190   -328.6
95    -138.6
12      27.4
307   -562.6
73     -94.6
134   -216.6
223   -394.6
13      25.4
99    -146.6
96    -140.6
84    -116.6
140   -228.6
62     -72.6
205   -358.6
92    -132.6
218   -384.6
344   -636.6
296   -540.6
171   -290.6
143   -234.6
256   -460.6
257   -462.6
277   -502.6
137   -222.6
282   -512.6
100   -148.6
111   -170.6
200   -348.6
354   -656.6
335   -618.6
81    -110.6
201   -350.6
83    -114.6
131   -210.6
170   -288.6
330   -608.6
327   -602.6
118   -184.6
24       3.4
162   -272.6
116   -180.6
5       41.4
272   -492.6
289   -526.6
287   -522.6
4       43.4
28      -4.6
305   -558.6
175   -298.6
303   -554.6
189   -326.6
60     -68.6
326   -600.6
85    -118.6
126   -200.6
127   -202.6
102   -152.6
315   -578.6
48     -44.6
158   -264.6
103   -154.6
141   -230.6
273   -494.6
109   -166.6
52     -52.6
2       47.4
251   -450.6
313   -574.6
133   -214.6
148   -244.6
115   -178.6
153   -254.6
94    -136.6
42     -32.6
252   -452.6
240   -428.6
246   -440.6
182   -312.6
281   -510.6
74     -96.6
26      -0.6
146   -240.6
64     -76.6
57     -62.6
353   -654.6
291   -530.6
79    -106.6
113   -174.6
56     -60.6
34     -16.6
80    -108.6
312   -572.6
86    -120.6
105   -158.6
66     -80.6
195   -338.6
18      15.4
235   -418.6
265   -478.6
174   -296.6
323   -594.6
98    -144.6
319   -586.6
244   -436.6
58     -64.6
231   -410.6
196   -340.6
160   -268.6
14      23.4
63     -74.6
130   -208.6
Name: Defense Rank, dtype: float64"
